{
  "full": [
    0.144578,
    0.204819,
    0.144578,
    0.204819,
    0.156627,
    0.144578,
    0.1927771,
    0.216867,
    0.253012,
    0.277108
  ],
  "slim": [
    0.192771,
    0.13253,
    0.13253,
    0.13253,
    0.192771,
    0.13253,
    0.13253,
    0.13253,
    0.13253,
    0.13253
  ],
  "keras_augmented": [
    0.313253,
    0.180723,
    0.325301,
    0.192771,
    0.132530,
    0.156627,
    0.180723,
    0.180723,
    0.192771,
    0.204819
  ],
  "keras_augmented_with_train": [
    0.168675,
    0.192771,
    0.192771,
    0.313253,
    0.180723,
    0.204819,
    0.168675,
    0.192771,
    0.216867,
    0.240964
  ],
  "skimage_augmented": [
    0.313253,
    0.180723,
    0.313253,
    0.313253,
    0.120482,
    0.204819,
    0.144578,
    0.156627,
    0.216867,
    0.240964
  ],
  "skimage_augmented_with_train": [
    0.180723,
    0.313253,
    0.180723,
    0.144578,
    0.228916,
    0.228916,
    0.265060,
    0.204819,
    0.253012,
    0.265060
  ],
  "all_augmented": [
    0.192771,
    0.192771,
    0.132530,
    0.204819,
    0.228916,
    0.349498,
    0.397590,
    0.433735,
    0.469880,
    0.457831
  ]
}
