{
  "full": [
    0.144578,
    0.204819,
    0.144578,
    0.204819,
    0.156627,
    0.144578,
    0.1927771,
    0.216867,
    0.253012,
    0.277108
  ],
  "slim": [
    0.192771,
    0.13253,
    0.13253,
    0.13253,
    0.192771,
    0.13253,
    0.13253,
    0.13253,
    0.13253,
    0.13253
  ],
  "augmented": [
    0.313253,
    0.180723,
    0.325301,
    0.192771,
    0.132530,
    0.156627,
    0.180723,
    0.180723,
    0.192771,
    0.204819
  ]
}
