{
  "full": [
    0.144578,
    0.204819,
    0.144578,
    0.204819,
    0.156627,
    0.144578,
    0.1927771,
    0.216867,
    0.253012,
    0.277108
  ],
  "slim": [
    0.192771,
    0.13253,
    0.13253,
    0.13253,
    0.192771,
    0.13253,
    0.13253,
    0.13253,
    0.13253,
    0.13253
  ]
}
